1.00419,0,5360,1.00419 +4e+06ns,,0
1.0093,5360,5896,1.0093 +4.125e+06ns,,0
1.01335,5896,6432,1.01335 +4.73438e+06ns,,0
1.02167,6432,6968,1.02167 +5.76758e+06ns,,0
1.02999,6968,7504,1.02999 +6.67163e+06ns,,0
1.03831,7504,8040,1.03831 +7.58768e+06ns,,0
1.04663,8040,8576,1.04663 +8.26422e+06ns,,0
1.05495,8576,9112,1.05495 +8.85619e+06ns,,0
1.06327,9112,9648,1.06327 +9.49916e+06ns,,0
1.07159,9648,10184,1.07159 +9.93677e+06ns,,0
1.07991,10184,10720,1.07991 +1.03197e+07ns,,0
1.08823,10720,11256,1.08823 +1.07797e+07ns,,0
1.09655,11256,11792,1.09655 +1.10572e+07ns,,0
1.10487,11792,12328,1.10487 +1.13001e+07ns,,0
1.11319,12328,12864,1.11319 +1.16376e+07ns,,0
1.12151,12864,13400,1.12151 +1.18079e+07ns,,0
1.12983,13400,13936,1.12983 +1.19569e+07ns,,0
1.13815,13936,14472,1.13815 +1.22123e+07ns,,1
1.1548,14472,1040,0,,1
1.1557,1040,1008,0,,1
1.15978,1008,1072,0,,1
1.15978,1072,1340,0,,1
1.16571,1340,1554,1.16571 +1.14357e+07ns,,0
1.17232,1554,1738,1.17232 +1.07563e+07ns,,0
1.18064,1738,1903,1.18064 +1.01617e+07ns,,0
1.18896,1903,2053,1.18896 +9.51653e+06ns,,0
1.19728,2053,2192,1.19728 +9.07696e+06ns,,0
1.2056,2192,2323,1.2056 +8.69234e+06ns,,0
1.21392,2323,2446,1.21392 +8.3558e+06ns,,0
1.22224,2446,2563,1.22224 +8.06132e+06ns,,0
1.23056,2563,2675,1.23056 +7.80366e+06ns,,0
1.23888,2675,2782,1.23888 +7.5782e+06ns,,0
1.2472,2782,2885,1.2472 +7.38092e+06ns,,0
1.25552,2885,2984,1.25552 +7.20831e+06ns,,0
1.26384,2984,3080,1.26384 +7.05727e+06ns,,0
1.27216,3080,3173,1.27216 +6.92511e+06ns,,0
1.28048,3173,3263,1.28048 +6.80947e+06ns,,0
1.2888,3263,3351,1.2888 +6.70829e+06ns,,0
1.29712,3351,3436,1.29712 +6.61975e+06ns,,0
1.30544,3436,3519,1.30544 +6.54228e+06ns,,0
1.31376,3519,3600,1.31376 +6.4745e+06ns,,0
1.32208,3600,3679,1.32208 +6.41518e+06ns,,0
1.3304,3679,3757,1.3304 +6.36329e+06ns,,0
1.33872,3757,3833,1.33872 +6.31788e+06ns,,0
1.34704,3833,3907,1.34704 +6.27814e+06ns,,0
1.35536,3907,3980,1.35536 +6.24337e+06ns,,0
1.36368,3980,4052,1.36368 +6.21295e+06ns,,0
1.372,4052,4122,1.372 +6.18633e+06ns,,0
1.38032,4122,4191,1.38032 +6.16304e+06ns,,0
1.38864,4191,4259,1.38864 +6.14266e+06ns,,0
1.39696,4259,4326,1.39696 +5.99983e+06ns,,0
1.42104,4326,1040,0,,1
1.42194,1040,1008,0,,1
1.42602,1008,1072,0,,1
1.42602,1072,1340,0,,1
1.43195,1340,1554,0,,1
1.63767,1554,1738,1.63767 +3.14354e+07ns,,0
1.64776,1738,1072,1.65777 +2.8631e+07ns,,0
1.6487,1072,1040,1.66374 +2.58021e+07ns,,0
1.65274,1040,1072,1.66972 +2.33269e+07ns,,0
1.65274,1072,1340,1.67475 +2.1786e+07ns,,0
1.65777,1340,1554,1.67978 +2.03128e+07ns,,0
1.66374,1554,1738,1.68481 +1.90237e+07ns,,0
1.66972,1738,1903,1.68669 +1.75207e+07ns,,0
1.67475,1903,2053,1.69078 +1.60806e+07ns,,0
1.67978,2053,2192,1.69267 +1.48205e+07ns,,0
1.68481,2192,2323,1.69676 +1.3718e+07ns,,0
1.68669,2323,2446,1.69864 +1.27532e+07ns,,0
1.69078,2446,2563,1.70273 +1.19091e+07ns,,0
1.69267,2563,2675,1.70462 +1.14204e+07ns,,0
1.69676,2675,2782,1.70776 +1.11179e+07ns,,0
1.69864,2782,2885,1.70965 +1.06031e+07ns,,0
1.70273,2885,2984,1.71279 +1.02778e+07ns,,0
1.70462,2984,3080,1.71468 +9.86803e+06ns,,0
1.70776,3080,3173,1.71657 +9.50953e+06ns,,0
1.70965,3173,3263,1.71876 +9.07084e+06ns,,0
1.71279,3263,3351,1.72065 +8.68698e+06ns,,0
1.71468,3351,3436,1.72254 +8.35111e+06ns,,0
1.71657,3436,3519,1.72474 +8.05722e+06ns,,0
1.71876,3519,3600,1.72663 +7.80007e+06ns,,0
1.72065,3600,3679,1.72852 +7.57506e+06ns,,0
1.72254,3679,3757,1.7304 +7.62818e+06ns,,0
1.72474,3757,3833,1.73229 +7.67465e+06ns,,0
1.72663,3833,3907,1.73418 +7.71532e+06ns,,0
1.72852,3907,3980,1.73607 +7.7509e+06ns,,0
1.7304,3980,4052,1.73796 +7.65704e+06ns,,0
1.73229,4052,4122,1.73984 +7.57491e+06ns,,0
1.73418,4122,4191,1.74173 +7.50305e+06ns,,0
1.73607,4191,4259,1.74362 +7.44016e+06ns,,0
1.73796,4259,4326,1.74538 +7.51014e+06ns,,0
1.73984,4326,4392,1.74722 +7.44638e+06ns,,0
1.74173,4392,4457,1.75472 +7.26558e+06ns,,0
1.74362,4457,4521,1.76304 +7.10738e+06ns,,0
1.74538,4521,4584,1.77136 +6.96896e+06ns,,0
1.74722,4584,4646,1.77968 +6.84784e+06ns,,0
1.75472,4646,4707,1.788 +6.74186e+06ns,,0
1.76304,4707,4768,1.79632 +6.64912e+06ns,,0
1.77136,4768,4828,1.80464 +6.56798e+06ns,,0
1.77968,4828,4887,1.81296 +6.37199e+06ns,,0
1.788,4887,4945,1.82128 +6.32549e+06ns,,0
1.79632,4945,5003,1.8296 +6.2848e+06ns,,0
1.80464,5003,5060,1.83792 +6.2492e+06ns,,0
1.81296,5060,5116,1.84624 +6.21805e+06ns,,0
1.82128,5116,5172,1.85456 +6.19079e+06ns,,0
1.8296,5172,5227,1.86288 +6.16694e+06ns,,0
1.83792,5227,5281,1.8712 +6.14608e+06ns,,0
1.84624,5281,5335,1.87952 +6.12782e+06ns,,0
1.85456,5335,5388,1.88784 +6.11184e+06ns,,0
1.86288,5388,5441,1.89616 +6.09786e+06ns,,0
1.8712,5441,5493,1.90448 +6.08562e+06ns,,0
1.87952,5493,5545,1.9128 +6.07492e+06ns,,0
1.88784,5545,5596,1.92112 +6.06556e+06ns,,0
1.89616,5596,5647,1.92944 +6.05736e+06ns,,0
1.90448,5647,5697,1.93776 +6.05019e+06ns,,0
1.9128,5697,5747,1.94608 +6.04392e+06ns,,0
1.92112,5747,5796,1.9544 +6.03843e+06ns,,0
1.92944,5796,5845,1.96272 +6.03362e+06ns,,0
1.93776,5845,5894,1.97104 +6.02942e+06ns,,0
1.94608,5894,5942,1.97936 +6.02574e+06ns,,0
1.9544,5942,5990,1.98768 +6.02252e+06ns,,0
1.96272,5990,6037,1.996 +6.01971e+06ns,,0
1.97104,6037,6084,2.00432 +6.01724e+06ns,,0
1.97936,6084,6131,2.01264 +6.01509e+06ns,,0
1.98768,6131,6177,2.02096 +5.8882e+06ns,,0
1.996,6177,6223,2.02928 +5.90218e+06ns,,0
2.00432,6223,6269,2.0376 +5.9144e+06ns,,0
2.01264,6269,6314,2.04592 +5.9251e+06ns,,0
2.02096,6314,6359,2.05424 +5.93446e+06ns,,0
2.02928,6359,6404,2.06256 +5.94266e+06ns,,0
2.0376,6404,6448,2.07088 +5.94982e+06ns,,0
2.04592,6448,6492,2.0792 +5.9561e+06ns,,0
2.05424,6492,6536,2.08752 +5.96158e+06ns,,0
2.06256,6536,6579,2.09584 +5.96639e+06ns,,0
2.07088,6579,6622,2.10416 +5.97059e+06ns,,0
2.0792,6622,6665,2.11248 +5.97426e+06ns,,0
2.08752,6665,6708,2.1208 +5.97748e+06ns,,0
2.09584,6708,6750,2.12912 +5.9803e+06ns,,0
2.10416,6750,6792,2.13744 +5.98276e+06ns,,0
2.11248,6792,6834,2.14576 +5.98491e+06ns,,0
2.1208,6834,6876,2.15408 +5.9868e+06ns,,0
2.12912,6876,6917,2.1624 +5.98845e+06ns,,0
2.13744,6917,6958,2.17072 +5.98989e+06ns,,0
2.14576,6958,6999,2.17904 +5.99116e+06ns,,0
2.15408,6999,7040,2.18736 +5.99226e+06ns,,0
2.1624,7040,7080,2.19568 +5.99323e+06ns,,0
2.17072,7080,7120,2.204 +5.99407e+06ns,,0
2.17904,7120,7160,2.21232 +5.99481e+06ns,,0
2.18736,7160,7200,2.22064 +5.99546e+06ns,,0
2.19568,7200,7239,2.22896 +5.87103e+06ns,,0
2.204,7239,7278,2.23728 +5.88715e+06ns,,0
2.21232,7278,7317,2.2456 +5.90126e+06ns,,0
2.22064,7317,7356,2.25392 +5.9136e+06ns,,0
2.22896,7356,7395,2.26224 +5.9244e+06ns,,0
2.23728,7395,7433,2.27056 +5.93385e+06ns,,0
2.2456,7433,7471,2.27888 +5.94212e+06ns,,0
2.25392,7471,7509,2.2872 +5.94935e+06ns,,0
2.26224,7509,7547,2.29552 +5.95568e+06ns,,0
2.27056,7547,7585,2.30384 +5.96122e+06ns,,0
2.27888,7585,7622,2.31216 +5.96607e+06ns,,0
2.2872,7622,7659,2.32048 +5.97031e+06ns,,0
2.29552,7659,7696,2.3288 +5.97402e+06ns,,0
2.30384,7696,7733,2.33712 +5.97727e+06ns,,0
2.31216,7733,7770,2.34544 +5.98011e+06ns,,0
2.32048,7770,7806,2.35376 +5.9826e+06ns,,0
2.3288,7806,7842,2.36208 +5.98477e+06ns,,0
2.33712,7842,7878,2.3704 +5.98667e+06ns,,0
2.34544,7878,7914,2.37872 +5.98834e+06ns,,0
2.35376,7914,7950,2.38704 +5.9898e+06ns,,0
2.36208,7950,7986,2.39536 +5.99107e+06ns,,0
2.3704,7986,8021,2.40368 +5.99219e+06ns,,0
2.37872,8021,8056,2.412 +5.99316e+06ns,,0
2.38704,8056,8091,2.42032 +5.99402e+06ns,,0
2.39536,8091,8126,2.42864 +5.99476e+06ns,,0
2.40368,8126,8161,2.43696 +5.87042e+06ns,,0
2.412,8161,8196,2.44528 +5.88662e+06ns,,0
2.42032,8196,8231,2.4536 +5.90079e+06ns,,0
2.42864,8231,8265,2.46192 +5.91319e+06ns,,0
2.43696,8265,8299,2.47024 +5.92404e+06ns,,0
2.44528,8299,8333,2.47856 +5.93354e+06ns,,0
2.4536,8333,8367,2.48688 +5.94184e+06ns,,0
2.46192,8367,8401,2.4952 +5.94911e+06ns,,0
2.47024,8401,8435,2.50352 +5.95547e+06ns,,0
2.47856,8435,8469,2.51184 +5.96104e+06ns,,0
2.48688,8469,8502,2.52016 +5.96591e+06ns,,0
2.4952,8502,8535,2.52848 +5.97017e+06ns,,0
2.50352,8535,8568,0,,1
2.51184,8568,8601,0,,1
2.52016,8601,8634,0,,1
2.52848,8634,8667,0,,1
2.55258,8667,1544,0,,1
2.55347,1544,1072,0,,1
2.55762,1072,1040,0,,1
2.56266,1040,536,0,,1
2.56764,536,1072,0,,1
2.56764,1072,1340,0,,1
2.57362,1340,1554,2.57362 +5.9739e+06ns,,0
2.57959,1554,1738,2.57959 +5.97716e+06ns,,0
2.58583,1738,1903,2.58583 +6.73001e+06ns,,0
2.59415,1903,2053,2.59415 +7.63876e+06ns,,0
2.60247,2053,2192,2.60247 +8.30892e+06ns,,0
2.62002,2192,536,0,,1
2.62505,536,1072,0,,1
2.62505,1072,1340,0,,1
2.63097,1340,1554,2.63097 +8.51776e+06ns,,0
2.63689,1554,1738,2.63689 +8.20304e+06ns,,0
2.64496,1738,1903,2.64496 +7.80266e+06ns,,0
2.65328,1903,2053,2.65328 +7.57733e+06ns,,0
2.6616,2053,2192,2.6616 +7.38016e+06ns,,0
2.66992,2192,2323,2.66992 +7.20764e+06ns,,0
2.67824,2323,2446,2.67824 +7.05668e+06ns,,0
2.68656,2446,2563,2.68656 +6.9246e+06ns,,0
2.69488,2563,2675,2.69488 +6.80902e+06ns,,0
2.7032,2675,2782,2.7032 +6.7079e+06ns,,0
2.71152,2782,2885,2.71152 +6.61941e+06ns,,0
2.71984,2885,2984,2.71984 +6.54198e+06ns,,0
2.72816,2984,3080,2.72816 +6.47423e+06ns,,0
2.73648,3080,3173,2.73648 +6.41495e+06ns,,0
2.7448,3173,3263,2.7448 +6.36308e+06ns,,0
2.75312,3263,3351,2.75312 +6.3177e+06ns,,0
2.76144,3351,3436,2.76144 +6.27798e+06ns,,0
2.76976,3436,3519,2.76976 +6.24324e+06ns,,0
2.77808,3519,3600,2.77808 +6.21283e+06ns,,0
2.7864,3600,3679,2.7864 +6.18623e+06ns,,0
2.79472,3679,3757,2.79472 +6.16295e+06ns,,0
2.80304,3757,3833,2.80304 +6.14258e+06ns,,0
2.81136,3833,3907,2.81136 +6.12476e+06ns,,0
2.81968,3907,3980,2.81968 +6.10916e+06ns,,0
2.828,3980,4052,2.828 +6.09552e+06ns,,0
2.83632,4052,4122,2.83632 +6.08358e+06ns,,0
2.84464,4122,4191,2.84464 +6.07313e+06ns,,0
2.85296,4191,4259,2.85296 +5.93899e+06ns,,0
2.86128,4259,4326,2.86128 +5.94661e+06ns,,0
2.8696,4326,4392,2.8696 +5.95329e+06ns,,0
2.87792,4392,4457,2.87792 +5.95912e+06ns,,0
2.88624,4457,4521,2.88624 +5.96423e+06ns,,0
2.89456,4521,4584,2.89456 +5.9687e+06ns,,0
2.90288,4584,4646,2.90288 +5.97262e+06ns,,0
2.9112,4646,4707,2.9112 +5.97604e+06ns,,0
2.91952,4707,4768,2.91952 +5.97903e+06ns,,0
2.92784,4768,4828,2.92784 +5.98165e+06ns,,0
2.93616,4828,4887,2.93616 +5.98395e+06ns,,0
2.94448,4887,4945,2.94448 +5.98595e+06ns,,0
2.9528,4945,5003,2.9528 +5.98771e+06ns,,0
2.96112,5003,5060,2.96112 +5.98924e+06ns,,0
2.96944,5060,5116,2.96944 +5.99059e+06ns,,0
2.97776,5116,5172,2.97776 +5.99176e+06ns,,0
2.98608,5172,5227,2.98608 +5.99279e+06ns,,0
2.9944,5227,5281,2.9944 +5.99369e+06ns,,0
3.00272,5281,5335,3.00272 +5.99448e+06ns,,0
3.01104,5335,5388,3.01104 +5.99517e+06ns,,0
3.01936,5388,5441,3.01936 +5.99577e+06ns,,0
3.02768,5441,5493,3.02768 +5.9963e+06ns,,0
3.036,5493,5545,3.036 +5.99676e+06ns,,0
3.04432,5545,5596,3.04432 +5.99717e+06ns,,0
3.05264,5596,5647,3.05264 +5.99752e+06ns,,0
3.06096,5647,5697,3.06096 +5.87283e+06ns,,0
3.06928,5697,5747,3.06928 +5.88873e+06ns,,0
3.0776,5747,5796,3.0776 +5.90264e+06ns,,0
3.08592,5796,5845,3.08592 +5.9148e+06ns,,0
3.09424,5845,5894,3.09424 +5.92545e+06ns,,0
3.10256,5894,5942,3.10256 +5.93477e+06ns,,0
3.11088,5942,5990,3.11088 +5.94292e+06ns,,0
3.1192,5990,6037,3.1192 +5.95006e+06ns,,0
3.12752,6037,6084,3.12752 +5.9563e+06ns,,0
3.13584,6084,6131,3.13584 +5.96176e+06ns,,0
3.14416,6131,6177,3.14416 +5.96654e+06ns,,0
3.15248,6177,6223,3.15248 +5.97072e+06ns,,0
3.1608,6223,6269,3.1608 +5.97438e+06ns,,0
3.16912,6269,6314,3.16912 +5.97758e+06ns,,0
3.17744,6314,6359,3.17744 +5.98039e+06ns,,0
3.18576,6359,6404,3.18576 +5.98284e+06ns,,0
3.19408,6404,6448,3.19408 +5.98498e+06ns,,0
3.2024,6448,6492,3.2024 +5.98686e+06ns,,0
3.21072,6492,6536,3.21072 +5.9885e+06ns,,0
3.21904,6536,6579,3.21904 +5.98994e+06ns,,0
3.22736,6579,6622,3.22736 +5.9912e+06ns,,0
3.23568,6622,6665,3.23568 +5.9923e+06ns,,0
3.244,6665,6708,3.244 +5.99326e+06ns,,0
3.25232,6708,6750,3.25232 +5.9941e+06ns,,0
3.26064,6750,6792,3.26064 +5.99484e+06ns,,0
3.26896,6792,6834,3.26896 +5.87048e+06ns,,0
3.27728,6834,6876,3.27728 +5.88667e+06ns,,0
3.2856,6876,6917,3.2856 +5.90084e+06ns,,0
3.29392,6917,6958,3.29392 +5.91323e+06ns,,0
3.30224,6958,6999,3.30224 +5.92408e+06ns,,0
3.31056,6999,7040,3.31056 +5.93357e+06ns,,0
3.31888,7040,7080,3.31888 +5.94187e+06ns,,0
3.3272,7080,7120,3.3272 +5.94914e+06ns,,0
3.33552,7120,7160,3.33552 +5.9555e+06ns,,0
3.34384,7160,7200,3.34384 +5.96106e+06ns,,0
3.35216,7200,7239,3.35216 +5.96592e+06ns,,0
3.36048,7239,7278,3.36048 +5.97018e+06ns,,0
3.3688,7278,7317,3.3688 +5.97391e+06ns,,0
3.37712,7317,7356,3.37712 +5.97717e+06ns,,0
3.38544,7356,7395,3.38544 +5.98002e+06ns,,0
3.39376,7395,7433,3.39376 +5.98252e+06ns,,0
3.40208,7433,7471,3.40208 +5.9847e+06ns,,0
3.4104,7471,7509,3.4104 +5.98662e+06ns,,0
3.41872,7509,7547,3.41872 +5.98829e+06ns,,0
3.42704,7547,7585,3.42704 +5.98975e+06ns,,0
3.43536,7585,7622,3.43536 +5.99103e+06ns,,0
3.44368,7622,7659,3.44368 +5.99215e+06ns,,0
3.452,7659,7696,3.452 +5.99313e+06ns,,0
3.46032,7696,7733,3.46032 +5.99399e+06ns,,0
3.46864,7733,7770,3.46864 +5.99474e+06ns,,0
3.47696,7770,7806,3.47696 +5.8704e+06ns,,0
3.48528,7806,7842,3.48528 +5.8866e+06ns,,0
3.4936,7842,7878,3.4936 +5.90077e+06ns,,0
3.50192,7878,7914,3.50192 +5.91318e+06ns,,0
3.51024,7914,7950,3.51024 +5.92403e+06ns,,0
3.51856,7950,7986,3.51856 +5.93352e+06ns,,0
3.52688,7986,8021,3.52688 +5.94183e+06ns,,0
3.5352,8021,8056,3.5352 +5.9491e+06ns,,0
3.54352,8056,8091,3.54352 +5.95547e+06ns,,0
3.55184,8091,8126,3.55184 +5.96103e+06ns,,0
3.56016,8126,8161,3.56016 +5.9659e+06ns,,0
3.56848,8161,8196,3.56848 +5.97016e+06ns,,0
3.5768,8196,8231,3.5768 +5.97389e+06ns,,0
3.58512,8231,8265,3.58512 +5.97716e+06ns,,0
3.59344,8265,8299,3.59344 +5.98001e+06ns,,0
3.60176,8299,8333,3.60176 +5.98251e+06ns,,0
3.61008,8333,8367,3.61008 +5.9847e+06ns,,0
3.6184,8367,8401,3.6184 +5.98661e+06ns,,0
3.62672,8401,8435,3.62672 +5.98828e+06ns,,0
3.63504,8435,8469,3.63504 +5.98975e+06ns,,0
3.64336,8469,8502,3.64336 +5.99103e+06ns,,0
3.65168,8502,8535,3.65168 +5.99215e+06ns,,0
3.66,8535,8568,3.66 +5.99313e+06ns,,0
3.66832,8568,8601,3.66832 +5.99399e+06ns,,0
3.67664,8601,8634,3.67664 +5.99474e+06ns,,0
3.68496,8634,8667,3.68496 +5.8704e+06ns,,0
3.69328,8667,8700,3.69328 +5.8866e+06ns,,0
3.7016,8700,8733,3.7016 +5.90077e+06ns,,0
3.70992,8733,8765,3.70992 +5.91317e+06ns,,0
3.71824,8765,8797,3.71824 +5.92403e+06ns,,0
3.72656,8797,8829,3.72656 +5.93352e+06ns,,0
3.73488,8829,8861,3.73488 +5.94183e+06ns,,0
3.7432,8861,8893,3.7432 +5.9491e+06ns,,0
3.75152,8893,8925,3.75152 +5.95546e+06ns,,0
3.75984,8925,8957,3.75984 +5.96103e+06ns,,0
3.76816,8957,8989,3.76816 +5.9659e+06ns,,0
3.77648,8989,9020,3.77648 +5.97016e+06ns,,0
3.7848,9020,9051,3.7848 +5.97389e+06ns,,0
3.79312,9051,9082,3.79312 +5.97716e+06ns,,0
3.80144,9082,9113,3.80144 +5.98001e+06ns,,0
3.80976,9113,9144,3.80976 +5.98251e+06ns,,0
3.81808,9144,9175,3.81808 +5.9847e+06ns,,0
3.8264,9175,9206,3.8264 +5.98661e+06ns,,0
3.83472,9206,9237,3.83472 +5.98828e+06ns,,0
3.84304,9237,9268,3.84304 +5.98975e+06ns,,0
3.85136,9268,9298,3.85136 +5.99103e+06ns,,0
3.85968,9298,9328,3.85968 +5.99215e+06ns,,0
3.868,9328,9358,3.868 +5.99313e+06ns,,0
3.87632,9358,9388,3.87632 +5.99399e+06ns,,0
3.88464,9388,9418,3.88464 +5.99474e+06ns,,0
3.89296,9418,9448,3.89296 +5.8704e+06ns,,0
3.90128,9448,9478,3.90128 +5.8866e+06ns,,0
3.9096,9478,9508,3.9096 +5.90077e+06ns,,0
3.91792,9508,9538,3.91792 +5.91317e+06ns,,0
3.92624,9538,9568,3.92624 +5.92403e+06ns,,0
3.93456,9568,9598,3.93456 +5.93352e+06ns,,0
3.94288,9598,9627,3.94288 +5.94183e+06ns,,0
3.9512,9627,9656,3.9512 +5.9491e+06ns,,0
3.95952,9656,9685,3.95952 +5.95546e+06ns,,0
3.96784,9685,9714,3.96784 +5.96103e+06ns,,0
3.97616,9714,9743,3.97616 +5.9659e+06ns,,0
3.98448,9743,9772,3.98448 +5.97016e+06ns,,0
3.9928,9772,9801,3.9928 +5.97389e+06ns,,0
4.00112,9801,9830,4.00112 +5.97716e+06ns,,0
4.00944,9830,9859,4.00944 +5.98001e+06ns,,0
4.01776,9859,9888,4.01776 +5.98251e+06ns,,0
4.02608,9888,9917,4.02608 +5.9847e+06ns,,0
4.0344,9917,9945,4.0344 +5.98661e+06ns,,0
4.04272,9945,9973,4.04272 +5.98828e+06ns,,0
4.05104,9973,10001,4.05104 +5.98975e+06ns,,0
4.05936,10001,10029,4.05936 +5.99103e+06ns,,0
4.06768,10029,10057,4.06768 +5.99215e+06ns,,0
4.076,10057,10085,4.076 +5.99313e+06ns,,0
4.08432,10085,10113,4.08432 +5.99399e+06ns,,0
4.09264,10113,10141,4.09264 +5.99474e+06ns,,0
4.10096,10141,10169,4.10096 +5.8704e+06ns,,0
4.10928,10169,10197,4.10928 +5.8866e+06ns,,0
4.1176,10197,10225,4.1176 +5.90077e+06ns,,0
4.12592,10225,10253,4.12592 +5.91317e+06ns,,0
4.13424,10253,10281,4.13424 +5.92403e+06ns,,0
4.14256,10281,10308,4.14256 +5.93352e+06ns,,0
4.15088,10308,10335,4.15088 +5.94183e+06ns,,0
4.1592,10335,10362,4.1592 +5.9491e+06ns,,0
4.16752,10362,10389,4.16752 +5.95546e+06ns,,0
4.17584,10389,10416,4.17584 +5.96103e+06ns,,0
4.18416,10416,10443,4.18416 +5.9659e+06ns,,0
4.19248,10443,10470,4.19248 +5.97016e+06ns,,0
4.2008,10470,10497,4.2008 +5.97389e+06ns,,0
4.20912,10497,10524,4.20912 +5.97716e+06ns,,0
4.21744,10524,10551,4.21744 +5.98001e+06ns,,0
4.22576,10551,10578,4.22576 +5.98251e+06ns,,0
4.23408,10578,10605,4.23408 +5.9847e+06ns,,0
4.2424,10605,10632,4.2424 +5.98661e+06ns,,0
4.25072,10632,10659,4.25072 +5.98828e+06ns,,0
4.25904,10659,10685,4.25904 +5.98975e+06ns,,0
4.26736,10685,10711,4.26736 +5.99103e+06ns,,0
4.27568,10711,10737,4.27568 +5.99215e+06ns,,0
4.284,10737,10763,4.284 +5.99313e+06ns,,0
4.29232,10763,10789,4.29232 +5.99399e+06ns,,0
4.30064,10789,10815,4.30064 +5.99474e+06ns,,0
4.30896,10815,10841,4.30896 +5.8704e+06ns,,0
4.31728,10841,10867,4.31728 +5.8866e+06ns,,0
4.3256,10867,10893,4.3256 +5.90077e+06ns,,0
4.33392,10893,10919,4.33392 +5.91317e+06ns,,0
4.34224,10919,10945,4.34224 +5.92403e+06ns,,0
4.35056,10945,10971,4.35056 +5.93352e+06ns,,0
4.35888,10971,10997,4.35888 +5.94183e+06ns,,0
4.3672,10997,11023,4.3672 +5.9491e+06ns,,0
4.37552,11023,11049,4.37552 +5.95546e+06ns,,0
4.38384,11049,11075,4.38384 +5.96103e+06ns,,0
4.39216,11075,11100,4.39216 +5.9659e+06ns,,0
4.40048,11100,11125,4.40048 +5.97016e+06ns,,0
4.4088,11125,11150,4.4088 +5.97389e+06ns,,0
4.41712,11150,11175,4.41712 +5.97716e+06ns,,0
4.42544,11175,11200,4.42544 +5.98001e+06ns,,0
4.43376,11200,11225,4.43376 +5.98251e+06ns,,0
4.44208,11225,11250,4.44208 +5.9847e+06ns,,0
4.4504,11250,11275,4.4504 +5.98661e+06ns,,0
4.45872,11275,11300,4.45872 +5.98828e+06ns,,0
4.46704,11300,11325,4.46704 +5.98975e+06ns,,0
4.47536,11325,11350,4.47536 +5.99103e+06ns,,0
4.48368,11350,11375,4.48368 +5.99215e+06ns,,0
4.492,11375,11400,4.492 +5.99313e+06ns,,0
4.50032,11400,11425,4.50032 +5.99399e+06ns,,0
4.50864,11425,11450,4.50864 +5.99474e+06ns,,0
4.51696,11450,11475,4.51696 +5.8704e+06ns,,0
4.52528,11475,11500,4.52528 +5.8866e+06ns,,0
4.5336,11500,11524,4.5336 +5.90077e+06ns,,0
4.54192,11524,11548,4.54192 +5.91317e+06ns,,0
4.55024,11548,11572,4.55024 +5.92403e+06ns,,0
4.55856,11572,11596,4.55856 +5.93352e+06ns,,0
4.56688,11596,11620,4.56688 +5.94183e+06ns,,0
4.5752,11620,11644,4.5752 +5.9491e+06ns,,0
4.58352,11644,11668,4.58352 +5.95546e+06ns,,0
4.59184,11668,11692,4.59184 +5.96103e+06ns,,0
4.60016,11692,11716,4.60016 +5.9659e+06ns,,0
4.60848,11716,11740,4.60848 +5.97016e+06ns,,0
4.6168,11740,11764,4.6168 +5.97389e+06ns,,0
4.62512,11764,11788,4.62512 +5.97716e+06ns,,0
4.63344,11788,11812,4.63344 +5.98001e+06ns,,0
4.64176,11812,11836,4.64176 +5.98251e+06ns,,0
4.65008,11836,11860,4.65008 +5.9847e+06ns,,0
4.6584,11860,11884,4.6584 +5.98661e+06ns,,0
4.66672,11884,11908,4.66672 +5.98828e+06ns,,0
4.67504,11908,11932,4.67504 +5.98975e+06ns,,0
4.68336,11932,11956,4.68336 +5.99103e+06ns,,0
4.69168,11956,11980,4.69168 +5.99215e+06ns,,0
4.7,11980,12003,4.7 +5.99313e+06ns,,0
4.70832,12003,12026,4.70832 +5.99399e+06ns,,0
4.71664,12026,12049,4.71664 +5.99474e+06ns,,0
4.72496,12049,12072,4.72496 +5.8704e+06ns,,0
4.73328,12072,12095,4.73328 +5.8866e+06ns,,0
4.7416,12095,12118,4.7416 +5.90077e+06ns,,0
4.74992,12118,12141,4.74992 +5.91317e+06ns,,0
4.75824,12141,12164,4.75824 +5.92403e+06ns,,0
4.76656,12164,12187,4.76656 +5.93352e+06ns,,0
4.77488,12187,12210,4.77488 +5.94183e+06ns,,0
4.7832,12210,12233,4.7832 +5.9491e+06ns,,0
4.79152,12233,12256,4.79152 +5.95546e+06ns,,0
4.79984,12256,12279,4.79984 +5.96103e+06ns,,0
4.80816,12279,12302,4.80816 +5.9659e+06ns,,0
4.81648,12302,12325,4.81648 +5.97016e+06ns,,0
4.8248,12325,12348,4.8248 +5.97389e+06ns,,0
4.83312,12348,12371,4.83312 +5.97716e+06ns,,0
4.84144,12371,12394,4.84144 +5.98001e+06ns,,0
4.84976,12394,12417,4.84976 +5.98251e+06ns,,0
4.85808,12417,12440,4.85808 +5.9847e+06ns,,0
4.8664,12440,12463,4.8664 +5.98661e+06ns,,0
4.87472,12463,12486,4.87472 +5.98828e+06ns,,0
4.88304,12486,12509,4.88304 +5.98975e+06ns,,0
4.89136,12509,12531,4.89136 +5.99103e+06ns,,0
4.89968,12531,12553,4.89968 +5.99215e+06ns,,0
4.908,12553,12575,4.908 +5.99313e+06ns,,0
4.91632,12575,12597,4.91632 +5.99399e+06ns,,0
4.92464,12597,12619,4.92464 +5.99474e+06ns,,0
4.93296,12619,12641,4.93296 +5.8704e+06ns,,0
4.94128,12641,12663,4.94128 +5.8866e+06ns,,0
4.9496,12663,12685,4.9496 +5.90077e+06ns,,0
4.95792,12685,12707,4.95792 +5.91317e+06ns,,0
4.96624,12707,12729,4.96624 +5.92403e+06ns,,0
4.97456,12729,12751,4.97456 +5.93352e+06ns,,0
4.98288,12751,12773,4.98288 +5.94183e+06ns,,0
4.9912,12773,12795,4.9912 +5.9491e+06ns,,0
4.99952,12795,12817,4.99952 +5.95546e+06ns,,0
5.00784,12817,12839,5.00784 +5.96103e+06ns,,0
5.01616,12839,12861,5.01616 +5.9659e+06ns,,0
5.02448,12861,12883,5.02448 +5.97016e+06ns,,0
5.0328,12883,12905,5.0328 +5.97389e+06ns,,0
5.04112,12905,12927,5.04112 +5.97716e+06ns,,0
5.04944,12927,12949,5.04944 +5.98001e+06ns,,0
5.05776,12949,12971,5.05776 +5.98251e+06ns,,0
5.06608,12971,12993,5.06608 +5.9847e+06ns,,0
5.0744,12993,13015,5.0744 +5.98661e+06ns,,0
5.08272,13015,13037,5.08272 +5.98828e+06ns,,0
5.09104,13037,13059,5.09104 +5.98975e+06ns,,0
5.09936,13059,13080,5.09936 +5.99103e+06ns,,0
5.10768,13080,13101,5.10768 +5.99215e+06ns,,0
5.116,13101,13122,5.116 +5.99313e+06ns,,0
5.12432,13122,13143,5.12432 +5.99399e+06ns,,0
5.13264,13143,13164,5.13264 +5.99474e+06ns,,0
5.14096,13164,13185,5.14096 +5.8704e+06ns,,0
5.14928,13185,13206,5.14928 +5.8866e+06ns,,0
5.1576,13206,13227,5.1576 +5.90077e+06ns,,0
5.16592,13227,13248,5.16592 +5.91317e+06ns,,0
5.17424,13248,13269,5.17424 +5.92403e+06ns,,0
5.18256,13269,13290,5.18256 +5.93352e+06ns,,0
5.19088,13290,13311,5.19088 +5.94183e+06ns,,0
5.1992,13311,13332,5.1992 +5.9491e+06ns,,0
5.20752,13332,13353,5.20752 +5.95546e+06ns,,0
5.21584,13353,13374,5.21584 +5.96103e+06ns,,0
5.22416,13374,13395,5.22416 +5.9659e+06ns,,0
5.23248,13395,13416,5.23248 +5.97016e+06ns,,0
5.2408,13416,13437,5.2408 +5.97389e+06ns,,0
5.24912,13437,13458,5.24912 +5.97716e+06ns,,0
5.25744,13458,13479,5.25744 +5.98001e+06ns,,0
5.26576,13479,13500,5.26576 +5.98251e+06ns,,0
5.27408,13500,13521,5.27408 +5.9847e+06ns,,0
5.2824,13521,13542,5.2824 +5.98661e+06ns,,0
5.29072,13542,13563,5.29072 +5.98828e+06ns,,0
5.29904,13563,13584,5.29904 +5.98975e+06ns,,0
5.30736,13584,13605,5.30736 +5.99103e+06ns,,0
5.31568,13605,13626,5.31568 +5.99215e+06ns,,0
5.324,13626,13647,5.324 +5.99313e+06ns,,0
5.33232,13647,13668,5.33232 +5.99399e+06ns,,0
5.34064,13668,13689,5.34064 +5.99474e+06ns,,0
5.34896,13689,13709,5.34896 +5.8704e+06ns,,0
5.35728,13709,13729,5.35728 +5.8866e+06ns,,0
5.3656,13729,13749,5.3656 +5.90077e+06ns,,0
5.37392,13749,13769,5.37392 +5.91317e+06ns,,0
5.38224,13769,13789,5.38224 +5.92403e+06ns,,0
5.39056,13789,13809,5.39056 +5.93352e+06ns,,0
5.39888,13809,13829,5.39888 +5.94183e+06ns,,0
5.4072,13829,13849,5.4072 +5.9491e+06ns,,0
5.41552,13849,13869,5.41552 +5.95546e+06ns,,0
5.42384,13869,13889,5.42384 +5.96103e+06ns,,0
5.43216,13889,13909,5.43216 +5.9659e+06ns,,0
5.44048,13909,13929,5.44048 +5.97016e+06ns,,0
5.4488,13929,13949,5.4488 +5.97389e+06ns,,0
5.45712,13949,13969,5.45712 +5.97716e+06ns,,0
5.46544,13969,13989,5.46544 +5.98001e+06ns,,0
5.47376,13989,14009,5.47376 +5.98251e+06ns,,0
5.48208,14009,14029,5.48208 +5.9847e+06ns,,0
5.4904,14029,14049,5.4904 +5.98661e+06ns,,0
5.49872,14049,14069,5.49872 +5.98828e+06ns,,0
5.50704,14069,14089,5.50704 +5.98975e+06ns,,0
5.51536,14089,14109,5.51536 +5.99103e+06ns,,0
5.52368,14109,14129,5.52368 +5.99215e+06ns,,0
5.532,14129,14149,5.532 +5.99313e+06ns,,0
5.54032,14149,14169,5.54032 +5.99399e+06ns,,0
5.54864,14169,14189,5.54864 +5.99474e+06ns,,0
5.55696,14189,14209,5.55696 +5.8704e+06ns,,0
5.56528,14209,14229,5.56528 +5.8866e+06ns,,0
5.5736,14229,14249,5.5736 +5.90077e+06ns,,0
5.58192,14249,14269,5.58192 +5.91317e+06ns,,0
5.59024,14269,14289,5.59024 +5.92403e+06ns,,0
5.59856,14289,14309,5.59856 +5.93352e+06ns,,0
5.60688,14309,14329,5.60688 +5.94183e+06ns,,0
5.6152,14329,14349,5.6152 +5.9491e+06ns,,0
5.62352,14349,14369,5.62352 +5.95546e+06ns,,0
5.63184,14369,14388,5.63184 +5.96103e+06ns,,0
5.64016,14388,14407,5.64016 +5.9659e+06ns,,0
5.64848,14407,14426,5.64848 +5.97016e+06ns,,0
5.6568,14426,14445,5.6568 +5.97389e+06ns,,0
5.66512,14445,14464,5.66512 +5.97716e+06ns,,0
5.67344,14464,14483,5.67344 +5.98001e+06ns,,0
5.68176,14483,14502,5.68176 +5.98251e+06ns,,0
5.69008,14502,14521,5.69008 +5.9847e+06ns,,0
5.6984,14521,14540,5.6984 +5.98661e+06ns,,0
5.70672,14540,14559,5.70672 +5.98828e+06ns,,0
5.71504,14559,14578,5.71504 +5.98975e+06ns,,0
5.72336,14578,14597,5.72336 +5.99103e+06ns,,0
5.73168,14597,14616,5.73168 +5.99215e+06ns,,0
5.74,14616,14635,5.74 +5.99313e+06ns,,0
5.74832,14635,14654,5.74832 +5.99399e+06ns,,0
5.75664,14654,14673,5.75664 +5.99474e+06ns,,0
5.76496,14673,14692,5.76496 +5.8704e+06ns,,0
5.77328,14692,14711,5.77328 +5.8866e+06ns,,0
5.7816,14711,14730,5.7816 +5.90077e+06ns,,0
5.78992,14730,14749,5.78992 +5.91317e+06ns,,0
5.79824,14749,14768,5.79824 +5.92403e+06ns,,0
5.82232,14768,1040,0,,1
5.82322,1040,1008,0,,1
5.8273,1008,1072,0,,1
5.8273,1072,1340,0,,1
5.83323,1340,1554,5.83323 +6.81683e+06ns,,0
5.83984,1554,1738,5.83984 +6.71473e+06ns,,0
5.84816,1738,1903,5.84816 +6.62539e+06ns,,0
5.85648,1903,2053,5.85648 +6.54721e+06ns,,0
5.8648,2053,2192,5.8648 +6.47881e+06ns,,0
5.87312,2192,2323,5.87312 +6.41896e+06ns,,0
5.88144,2323,2446,5.88144 +6.36659e+06ns,,0
5.88976,2446,2563,5.88976 +6.32076e+06ns,,0
5.89808,2563,2675,5.89808 +6.28067e+06ns,,0
5.9064,2675,2782,5.9064 +6.24558e+06ns,,0
5.91472,2782,2885,5.91472 +6.21489e+06ns,,0
5.92304,2885,2984,5.92304 +6.18802e+06ns,,0
5.93136,2984,3080,5.93136 +6.16452e+06ns,,0
5.93968,3080,3173,5.93968 +6.14396e+06ns,,0
5.948,3173,3263,5.948 +6.12596e+06ns,,0
5.95632,3263,3351,5.95632 +6.11022e+06ns,,0
5.96464,3351,3436,5.96464 +6.09644e+06ns,,0
5.97296,3436,3519,5.97296 +5.95938e+06ns,,0
5.98128,3519,3600,5.98128 +5.96446e+06ns,,0
5.9896,3600,3679,5.9896 +5.9689e+06ns,,0
5.99792,3679,3757,5.99792 +5.97279e+06ns,,0
6.00624,3757,3833,6.00624 +5.97619e+06ns,,0
6.01456,3833,3907,6.01456 +5.97917e+06ns,,0
6.02288,3907,3980,6.02288 +5.98177e+06ns,,0
6.0312,3980,4052,6.0312 +5.98405e+06ns,,0
6.03952,4052,4122,6.03952 +5.98604e+06ns,,0
6.04784,4122,4191,6.04784 +5.98779e+06ns,,0
6.05616,4191,4259,6.05616 +5.98931e+06ns,,0
6.06448,4259,4326,6.06448 +5.99065e+06ns,,0
6.0728,4326,4392,6.0728 +5.99182e+06ns,,0
6.08112,4392,4457,6.08112 +5.99284e+06ns,,0
6.08944,4457,4521,6.08944 +5.99373e+06ns,,0
6.09776,4521,4584,6.09776 +5.99452e+06ns,,0
6.10608,4584,4646,6.10608 +5.9952e+06ns,,0
6.1144,4646,4707,6.1144 +5.9958e+06ns,,0
6.12272,4707,4768,6.12272 +5.99632e+06ns,,0
6.13104,4768,4828,6.13104 +5.99678e+06ns,,0
6.13936,4828,4887,6.13936 +5.99719e+06ns,,0
6.14768,4887,4945,6.14768 +5.99754e+06ns,,0
6.156,4945,5003,6.156 +5.99784e+06ns,,0
6.16432,5003,5060,6.16432 +5.99811e+06ns,,0
6.17264,5060,5116,6.17264 +5.99835e+06ns,,0
6.18096,5116,5172,6.18096 +5.87355e+06ns,,0
6.18928,5172,5227,6.18928 +5.88936e+06ns,,0
6.1976,5227,5281,6.1976 +5.90319e+06ns,,0
6.20592,5281,5335,6.20592 +5.91529e+06ns,,0
6.21424,5335,5388,6.21424 +5.92588e+06ns,,0
6.22256,5388,5441,6.22256 +5.93514e+06ns,,0
6.23088,5441,5493,6.23088 +5.94325e+06ns,,0
6.2392,5493,5545,6.2392 +5.95034e+06ns,,0
6.24752,5545,5596,6.24752 +5.95655e+06ns,,0
6.25584,5596,5647,6.25584 +5.96198e+06ns,,0
6.26416,5647,5697,6.26416 +5.96673e+06ns,,0
6.27248,5697,5747,6.27248 +5.97089e+06ns,,0
6.2808,5747,5796,6.2808 +5.97453e+06ns,,0
6.28912,5796,5845,6.28912 +5.97771e+06ns,,0
6.29744,5845,5894,6.29744 +5.9805e+06ns,,0
6.30576,5894,5942,6.30576 +5.98294e+06ns,,0
6.31408,5942,5990,6.31408 +5.98507e+06ns,,0
6.3224,5990,6037,6.3224 +5.98693e+06ns,,0
6.33072,6037,6084,6.33072 +5.98857e+06ns,,0
6.33904,6084,6131,6.33904 +5.99e+06ns,,0
6.34736,6131,6177,6.34736 +5.99125e+06ns,,0
6.35568,6177,6223,6.35568 +5.99234e+06ns,,0
6.364,6223,6269,6.364 +5.9933e+06ns,,0
6.37232,6269,6314,6.37232 +5.99413e+06ns,,0
6.38064,6314,6359,6.38064 +5.99487e+06ns,,0
6.38896,6359,6404,6.38896 +5.87051e+06ns,,0
6.39728,6404,6448,6.39728 +5.88669e+06ns,,0
6.4056,6448,6492,6.4056 +5.90086e+06ns,,0
6.41392,6492,6536,6.41392 +5.91325e+06ns,,0
6.42224,6536,6579,6.42224 +5.92409e+06ns,,0
6.43056,6579,6622,6.43056 +5.93358e+06ns,,0
6.43888,6622,6665,6.43888 +5.94188e+06ns,,0
6.4472,6665,6708,6.4472 +5.94915e+06ns,,0
6.47128,6708,1040,0,,1
6.47218,1040,1008,0,,1
6.47626,1008,1072,0,,1
6.47626,1072,1340,6.46296 +6.8305e+06ns,,0
6.48218,1340,1554,6.48218 +6.72669e+06ns,,0
6.4888,1554,1738,6.4888 +6.63585e+06ns,,0
6.49712,1738,1903,6.49712 +6.55637e+06ns,,0
6.50544,1903,2053,6.50544 +6.48682e+06ns,,0
6.51376,2053,2192,6.51376 +6.42597e+06ns,,0
6.52208,2192,2323,6.52208 +6.37272e+06ns,,0
6.5304,2323,2446,6.5304 +6.32613e+06ns,,0
6.53872,2446,2563,6.53872 +6.28536e+06ns,,0
6.54704,2563,2675,6.54704 +6.24969e+06ns,,0
6.55536,2675,2782,6.55536 +6.21848e+06ns,,0
6.56368,2782,2885,6.56368 +6.19117e+06ns,,0
6.572,2885,2984,6.572 +6.16727e+06ns,,0
6.58032,2984,3080,6.58032 +6.14636e+06ns,,0
6.58864,3080,3173,6.58864 +6.12807e+06ns,,0
6.59696,3173,3263,6.59696 +5.98706e+06ns,,0
6.60528,3263,3351,6.60528 +5.98868e+06ns,,0
6.6136,3351,3436,6.6136 +5.99009e+06ns,,0
6.62192,3436,3519,6.62192 +5.99133e+06ns,,0
6.63024,3519,3600,6.63024 +5.99241e+06ns,,0
6.63856,3600,3679,6.63856 +5.99336e+06ns,,0
6.64688,3679,3757,6.64688 +5.99419e+06ns,,0
6.6552,3757,3833,6.6552 +5.99492e+06ns,,0
6.66352,3833,3907,6.66352 +5.99555e+06ns,,0
6.67184,3907,3980,6.67184 +5.99611e+06ns,,0
6.68016,3980,4052,6.68016 +5.99659e+06ns,,0
6.68848,4052,4122,6.68848 +5.99702e+06ns,,0
6.6968,4122,4191,6.6968 +5.99739e+06ns,,0
6.70512,4191,4259,6.70512 +5.99772e+06ns,,0
6.71344,4259,4326,6.71344 +5.998e+06ns,,0
6.72176,4326,4392,6.72176 +5.99825e+06ns,,0
6.73008,4392,4457,6.73008 +5.99847e+06ns,,0
6.7384,4457,4521,6.7384 +5.99866e+06ns,,0
6.74672,4521,4584,6.74672 +5.99883e+06ns,,0
6.75504,4584,4646,6.75504 +5.99897e+06ns,,0
6.76336,4646,4707,6.76336 +5.9991e+06ns,,0
6.77168,4707,4768,6.77168 +5.99921e+06ns,,0
6.78,4768,4828,6.78 +5.99931e+06ns,,0
6.78832,4828,4887,6.78832 +5.9994e+06ns,,0
6.79664,4887,4945,6.79664 +5.99947e+06ns,,0
6.80496,4945,5003,6.80496 +5.87454e+06ns,,0
6.81328,5003,5060,6.81328 +5.89022e+06ns,,0
6.8216,5060,5116,6.8216 +5.90394e+06ns,,0
6.82992,5116,5172,6.82992 +5.91595e+06ns,,0
6.83824,5172,5227,6.83824 +5.92645e+06ns,,0
6.84656,5227,5281,6.84656 +5.93565e+06ns,,0
6.85488,5281,5335,6.85488 +5.94369e+06ns,,0
6.8632,5335,5388,6.8632 +5.95073e+06ns,,0
6.87152,5388,5441,6.87152 +5.95689e+06ns,,0
6.87984,5441,5493,6.87984 +5.96228e+06ns,,0
6.88816,5493,5545,6.88816 +5.96699e+06ns,,0
6.89648,5545,5596,6.89648 +5.97112e+06ns,,0
6.9048,5596,5647,6.9048 +5.97473e+06ns,,0
6.91312,5647,5697,6.91312 +5.97789e+06ns,,0
6.92144,5697,5747,6.92144 +5.98065e+06ns,,0
6.92976,5747,5796,6.92976 +5.98307e+06ns,,0
6.93808,5796,5845,6.93808 +5.98518e+06ns,,0
6.9464,5845,5894,6.9464 +5.98704e+06ns,,0
6.95472,5894,5942,6.95472 +5.98866e+06ns,,0
6.96304,5942,5990,6.96304 +5.99007e+06ns,,0
6.97136,5990,6037,6.97136 +5.99131e+06ns,,0
6.97968,6037,6084,6.97968 +5.9924e+06ns,,0
6.988,6084,6131,6.988 +5.99335e+06ns,,0
6.99632,6131,6177,6.99632 +5.99418e+06ns,,0
7.00464,6177,6223,7.00464 +5.99491e+06ns,,0
7.01296,6223,6269,7.01296 +5.87054e+06ns,,0
7.02128,6269,6314,7.02128 +5.88672e+06ns,,0
7.0296,6314,6359,7.0296 +5.90088e+06ns,,0
7.03792,6359,6404,7.03792 +5.91327e+06ns,,0
7.04624,6404,6448,7.04624 +5.92411e+06ns,,0
7.05456,6448,6492,7.05456 +5.9336e+06ns,,0
7.06288,6492,6536,7.06288 +5.9419e+06ns,,0
7.0712,6536,6579,7.0712 +5.94916e+06ns,,0
7.07952,6579,6622,7.07952 +5.95552e+06ns,,0
7.08784,6622,6665,7.08784 +5.96108e+06ns,,0
7.09616,6665,6708,7.09616 +5.96594e+06ns,,0
7.10448,6708,6750,7.10448 +5.9702e+06ns,,0
7.1128,6750,6792,7.1128 +5.97392e+06ns,,0
7.12112,6792,6834,7.12112 +5.97718e+06ns,,0
7.12944,6834,6876,7.12944 +5.98003e+06ns,,0
7.13776,6876,6917,7.13776 +5.98253e+06ns,,0
7.14608,6917,6958,7.14608 +5.98471e+06ns,,0
7.1544,6958,6999,7.1544 +5.98662e+06ns,,0
7.16272,6999,7040,7.16272 +5.9883e+06ns,,0
7.17104,7040,7080,7.17104 +5.98976e+06ns,,0
7.17936,7080,7120,7.17936 +5.99104e+06ns,,0
7.18768,7120,7160,7.18768 +5.99216e+06ns,,0
7.196,7160,7200,7.196 +5.99314e+06ns,,0
7.20432,7200,7239,7.20432 +5.994e+06ns,,0
7.21264,7239,7278,7.21264 +5.99474e+06ns,,0
7.22096,7278,7317,7.22096 +5.8704e+06ns,,0
7.22928,7317,7356,7.22928 +5.8866e+06ns,,0
7.2376,7356,7395,7.2376 +5.90078e+06ns,,0
7.24592,7395,7433,7.24592 +5.91318e+06ns,,0
7.25424,7433,7471,7.25424 +5.92403e+06ns,,0
7.26256,7471,7509,7.26256 +5.93353e+06ns,,0
7.27088,7509,7547,7.27088 +5.94184e+06ns,,0
7.2792,7547,7585,7.2792 +5.9491e+06ns,,0
7.28752,7585,7622,7.28752 +5.95547e+06ns,,0
7.29584,7622,7659,7.29584 +5.96103e+06ns,,0
7.30416,7659,7696,7.30416 +5.9659e+06ns,,0
7.31248,7696,7733,7.31248 +5.97016e+06ns,,0
7.3208,7733,7770,7.3208 +5.97389e+06ns,,0
7.32912,7770,7806,7.32912 +5.97716e+06ns,,0
7.33744,7806,7842,7.33744 +5.98001e+06ns,,0
7.34576,7842,7878,7.34576 +5.98251e+06ns,,0
7.35408,7878,7914,7.35408 +5.9847e+06ns,,0
7.3624,7914,7950,7.3624 +5.98661e+06ns,,0
7.37906,7950,536,0,,1
7.38409,536,1072,0,,1
7.38409,1072,1340,0,,1
7.39001,1340,1554,7.39001 +5.98828e+06ns,,0
7.59504,1554,1738,7.59504 +3.08647e+07ns,,1
7.60513,1738,1072,0,,1
7.60607,1072,1040,0,,1
7.6101,1040,1072,0,,1
7.6101,1072,1340,0,,1
7.61514,1340,1554,7.61514 +2.81317e+07ns,,0
7.62111,1554,1738,7.62111 +2.53652e+07ns,,0
7.62708,1738,1903,7.62708 +2.29445e+07ns,,0
7.63211,1903,2053,7.63211 +2.14515e+07ns,,0
7.63714,2053,2192,7.63714 +2.002e+07ns,,0
7.64218,2192,2323,7.64218 +1.87675e+07ns,,0
7.64406,2323,2446,7.64406 +1.72966e+07ns,,0
7.64815,2446,2563,7.64815 +1.58845e+07ns,,0
7.65004,2563,2675,7.65004 +1.4649e+07ns,,0
7.65412,2675,2782,7.65412 +1.35678e+07ns,,0
7.65601,2782,2885,7.65601 +1.26219e+07ns,,0
7.6601,2885,2984,7.6601 +1.17941e+07ns,,0
7.66199,2984,3080,7.66199 +1.11949e+07ns,,0
7.66513,3080,3173,7.66513 +1.09205e+07ns,,0
7.66702,3173,3263,7.66702 +1.04304e+07ns,,0
7.67016,3263,3351,7.67016 +1.02516e+07ns,,0
7.67205,3351,3436,7.67205 +9.84518e+06ns,,0
7.67394,3436,3519,7.67394 +9.36453e+06ns,,0
7.67613,3519,3600,7.67613 +8.94396e+06ns,,0
7.67802,3600,3679,7.67802 +8.57597e+06ns,,0
7.67991,3679,3757,7.67991 +8.25397e+06ns,,0
7.68211,3757,3833,7.68211 +7.97222e+06ns,,0
7.684,3833,3907,7.684 +7.6007e+06ns,,0
7.68588,3907,3980,7.68588 +7.40061e+06ns,,0
7.68777,3980,4052,7.68777 +7.47553e+06ns,,0
7.68966,4052,4122,7.68966 +7.41609e+06ns,,0
7.69155,4122,4191,7.69155 +7.48908e+06ns,,0
7.69344,4191,4259,7.69344 +7.55294e+06ns,,0
7.69532,4259,4326,7.69532 +7.60882e+06ns,,0
7.69721,4326,4392,7.69721 +7.65772e+06ns,,0
7.6991,4392,4457,7.6991 +7.7005e+06ns,,0
7.70099,4457,4521,7.70099 +7.61294e+06ns,,0
7.70275,4521,4584,7.70275 +7.53632e+06ns,,0
7.70458,4584,4646,7.70458 +7.46928e+06ns,,0
7.71184,4646,4707,7.71184 +7.28562e+06ns,,0
7.72016,4707,4768,7.72016 +7.12492e+06ns,,0
7.72848,4768,4828,7.72848 +6.9843e+06ns,,0
7.7368,4828,4887,7.7368 +6.86126e+06ns,,0
7.74512,4887,4945,7.74512 +6.75361e+06ns,,0
7.75344,4945,5003,7.75344 +6.6594e+06ns,,0
7.76176,5003,5060,7.76176 +6.57698e+06ns,,0
7.77008,5060,5116,7.77008 +6.50486e+06ns,,0
7.7784,5116,5172,7.7784 +6.44175e+06ns,,0
7.78672,5172,5227,7.78672 +6.38653e+06ns,,0
7.79504,5227,5281,7.79504 +6.33821e+06ns,,0
7.80336,5281,5335,7.80336 +6.29594e+06ns,,0
7.81168,5335,5388,7.81168 +6.25894e+06ns,,0
7.82,5388,5441,7.82 +6.22658e+06ns,,0
7.82832,5441,5493,7.82832 +6.19825e+06ns,,0
7.83664,5493,5545,7.83664 +6.17347e+06ns,,0
7.84496,5545,5596,7.84496 +6.02679e+06ns,,0
7.85328,5596,5647,7.85328 +6.02344e+06ns,,0
7.8616,5647,5697,7.8616 +6.02051e+06ns,,0
7.86992,5697,5747,7.86992 +6.01794e+06ns,,0
7.87824,5747,5796,7.87824 +6.0157e+06ns,,0
7.88656,5796,5845,7.88656 +6.01374e+06ns,,0
7.89488,5845,5894,7.89488 +6.01202e+06ns,,0
7.9032,5894,5942,7.9032 +6.01052e+06ns,,0
7.91152,5942,5990,7.91152 +6.0092e+06ns,,0
7.91984,5990,6037,7.91984 +6.00805e+06ns,,0
7.92816,6037,6084,7.92816 +6.00704e+06ns,,0
7.93648,6084,6131,7.93648 +6.00616e+06ns,,0
7.9448,6131,6177,7.9448 +6.00539e+06ns,,0
7.95312,6177,6223,7.95312 +6.00472e+06ns,,0
7.96144,6223,6269,7.96144 +6.00413e+06ns,,0
7.96976,6269,6314,7.96976 +6.00361e+06ns,,0
7.97808,6314,6359,7.97808 +6.00316e+06ns,,0
7.9864,6359,6404,7.9864 +6.00276e+06ns,,0
7.99472,6404,6448,7.99472 +6.00242e+06ns,,0
8.00304,6448,6492,8.00304 +6.00212e+06ns,,0
8.01136,6492,6536,8.01136 +6.00185e+06ns,,0
8.01968,6536,6579,8.01968 +6.00162e+06ns,,0
8.028,6579,6622,8.028 +6.00142e+06ns,,0
8.03632,6622,6665,8.03632 +6.00124e+06ns,,0
8.04464,6665,6708,8.04464 +6.00108e+06ns,,0
8.05296,6708,6750,8.05296 +5.87595e+06ns,,0
8.06128,6750,6792,8.06128 +5.89145e+06ns,,0
8.0696,6792,6834,8.0696 +5.90502e+06ns,,0
8.07792,6834,6876,8.07792 +5.91689e+06ns,,0
8.08624,6876,6917,8.08624 +5.92728e+06ns,,0
8.09456,6917,6958,8.09456 +5.93637e+06ns,,0
8.10288,6958,6999,8.10288 +5.94432e+06ns,,0
8.1112,6999,7040,8.1112 +5.95128e+06ns,,0
8.11952,7040,7080,8.11952 +5.95737e+06ns,,0
8.12784,7080,7120,8.12784 +5.9627e+06ns,,0
8.13616,7120,7160,8.13616 +5.96736e+06ns,,0
8.14448,7160,7200,8.14448 +5.97144e+06ns,,0
8.1528,7200,7239,8.1528 +5.97501e+06ns,,0
8.16946,7239,536,0,,1
8.17449,536,1072,0,,1
8.17449,1072,1340,0,,1
8.18041,1340,1554,8.18041 +5.97813e+06ns,,0
8.18633,1554,1738,8.18633 +5.98087e+06ns,,0
8.1944,1738,1903,8.1944 +5.98326e+06ns,,0
8.20272,1903,2053,8.20272 +5.98535e+06ns,,0
8.21104,2053,2192,8.21104 +5.98718e+06ns,,0
8.21936,2192,2323,8.21936 +5.98878e+06ns,,0
8.22768,2323,2446,8.22768 +5.99018e+06ns,,0
8.236,2446,2563,8.236 +5.99141e+06ns,,0
8.24432,2563,2675,8.24432 +5.99248e+06ns,,0
8.25264,2675,2782,8.25264 +5.99342e+06ns,,0
8.26096,2782,2885,8.26096 +5.86924e+06ns,,0
8.26928,2885,2984,8.26928 +5.88559e+06ns,,0
8.2776,2984,3080,8.2776 +5.89989e+06ns,,0
8.28592,3080,3173,8.28592 +5.9124e+06ns,,0
8.29424,3173,3263,8.29424 +5.92335e+06ns,,0
8.30256,3263,3351,8.30256 +5.93293e+06ns,,0
8.31088,3351,3436,8.31088 +5.94132e+06ns,,0
8.3192,3436,3519,8.3192 +5.94865e+06ns,,0
8.32752,3519,3600,8.32752 +5.95507e+06ns,,0
8.33584,3600,3679,8.33584 +5.96068e+06ns,,0
8.34416,3679,3757,8.34416 +5.9656e+06ns,,0
8.35248,3757,3833,8.35248 +5.9699e+06ns,,0
8.3608,3833,3907,8.3608 +5.97366e+06ns,,0
8.36912,3907,3980,8.36912 +5.97695e+06ns,,0
8.37744,3980,4052,8.37744 +5.97983e+06ns,,0
8.38576,4052,4122,8.38576 +5.98235e+06ns,,0
8.39408,4122,4191,8.39408 +5.98456e+06ns,,0
8.4024,4191,4259,8.4024 +5.98649e+06ns,,0
8.41072,4259,4326,8.41072 +5.98818e+06ns,,0
8.41904,4326,4392,8.41904 +5.98965e+06ns,,0
8.42736,4392,4457,8.42736 +5.99095e+06ns,,0
8.43568,4457,4521,8.43568 +5.99208e+06ns,,0
8.444,4521,4584,8.444 +5.99307e+06ns,,0
8.45232,4584,4646,8.45232 +5.99393e+06ns,,0
8.46064,4646,4707,8.46064 +5.99469e+06ns,,0
8.46896,4707,4768,8.46896 +5.87036e+06ns,,0
8.47728,4768,4828,8.47728 +5.88656e+06ns,,0
8.4856,4828,4887,8.4856 +5.90074e+06ns,,0
8.49392,4887,4945,8.49392 +5.91315e+06ns,,0
8.50224,4945,5003,8.50224 +5.924e+06ns,,0
8.51056,5003,5060,8.51056 +5.9335e+06ns,,0
8.51888,5060,5116,8.51888 +5.94181e+06ns,,0
8.5272,5116,5172,8.5272 +5.94909e+06ns,,0
8.53552,5172,5227,8.53552 +5.95545e+06ns,,0
8.54384,5227,5281,8.54384 +5.96102e+06ns,,0
8.55216,5281,5335,8.55216 +5.96589e+06ns,,0
8.56048,5335,5388,8.56048 +5.97015e+06ns,,0
8.5688,5388,5441,8.5688 +5.97388e+06ns,,0
8.57712,5441,5493,8.57712 +5.97715e+06ns,,0
8.58544,5493,5545,8.58544 +5.98e+06ns,,0
8.59376,5545,5596,8.59376 +5.9825e+06ns,,0
8.60208,5596,5647,8.60208 +5.98469e+06ns,,0
8.6104,5647,5697,8.6104 +5.9866e+06ns,,0
8.61872,5697,5747,8.61872 +5.98828e+06ns,,0
8.62704,5747,5796,8.62704 +5.98974e+06ns,,0
8.63536,5796,5845,8.63536 +5.99102e+06ns,,0
8.64368,5845,5894,8.64368 +5.99215e+06ns,,0
8.652,5894,5942,8.652 +5.99313e+06ns,,0
8.66032,5942,5990,8.66032 +5.99399e+06ns,,0
8.66864,5990,6037,8.66864 +5.99474e+06ns,,0
8.67696,6037,6084,8.67696 +5.87039e+06ns,,0
8.68528,6084,6131,8.68528 +5.88659e+06ns,,0
8.6936,6131,6177,8.6936 +5.90077e+06ns,,0
8.70192,6177,6223,8.70192 +5.91317e+06ns,,0
8.71024,6223,6269,8.71024 +5.92402e+06ns,,0
8.71856,6269,6314,8.71856 +5.93352e+06ns,,0
8.72688,6314,6359,8.72688 +5.94183e+06ns,,0
8.7352,6359,6404,8.7352 +5.9491e+06ns,,0
8.74352,6404,6448,8.74352 +5.95546e+06ns,,0
8.75184,6448,6492,8.75184 +5.96103e+06ns,,0
8.76016,6492,6536,8.76016 +5.9659e+06ns,,0
8.76848,6536,6579,8.76848 +5.97016e+06ns,,0
8.7768,6579,6622,8.7768 +5.97389e+06ns,,0
8.78512,6622,6665,8.78512 +5.97716e+06ns,,0
8.79344,6665,6708,8.79344 +5.98001e+06ns,,0
8.80176,6708,6750,8.80176 +5.98251e+06ns,,0
8.81008,6750,6792,8.81008 +5.98469e+06ns,,0
8.8184,6792,6834,8.8184 +5.98661e+06ns,,0
8.82672,6834,6876,8.82672 +5.98828e+06ns,,0
8.83504,6876,6917,8.83504 +5.98974e+06ns,,0
8.84336,6917,6958,8.84336 +5.99103e+06ns,,0
8.85168,6958,6999,8.85168 +5.99215e+06ns,,0
8.86,6999,7040,8.86 +5.99313e+06ns,,0
8.86832,7040,7080,8.86832 +5.99399e+06ns,,0
8.87664,7080,7120,8.87664 +5.99474e+06ns,,0
8.88496,7120,7160,8.88496 +5.8704e+06ns,,0
8.89328,7160,7200,8.89328 +5.8866e+06ns,,0
8.9016,7200,7239,8.9016 +5.90077e+06ns,,0
8.90992,7239,7278,8.90992 +5.91317e+06ns,,0
8.91824,7278,7317,8.91824 +5.92403e+06ns,,0
8.92656,7317,7356,8.92656 +5.93352e+06ns,,0
8.93488,7356,7395,8.93488 +5.94183e+06ns,,0
8.9432,7395,7433,8.9432 +5.9491e+06ns,,0
8.95152,7433,7471,8.95152 +5.95546e+06ns,,0
8.95984,7471,7509,8.95984 +5.96103e+06ns,,0
8.96816,7509,7547,8.96816 +5.9659e+06ns,,0
8.97648,7547,7585,8.97648 +5.97016e+06ns,,0
8.9848,7585,7622,8.9848 +5.97389e+06ns,,0
8.99312,7622,7659,8.99312 +5.97716e+06ns,,0
9.00144,7659,7696,9.00144 +5.98001e+06ns,,0
9.00976,7696,7733,9.00976 +5.98251e+06ns,,0
9.01808,7733,7770,9.01808 +5.9847e+06ns,,0
9.0264,7770,7806,9.0264 +5.98661e+06ns,,0
9.03472,7806,7842,9.03472 +5.98828e+06ns,,0
9.04304,7842,7878,9.04304 +5.98975e+06ns,,0
9.05136,7878,7914,9.05136 +5.99103e+06ns,,0
9.05968,7914,7950,9.05968 +5.99215e+06ns,,0
9.068,7950,7986,9.068 +5.99313e+06ns,,0
9.07632,7986,8021,9.07632 +5.99399e+06ns,,0
9.08464,8021,8056,9.08464 +5.99474e+06ns,,0
9.09296,8056,8091,9.09296 +5.8704e+06ns,,0
9.10128,8091,8126,9.10128 +5.8866e+06ns,,0
9.1096,8126,8161,9.1096 +5.90077e+06ns,,0
9.11792,8161,8196,9.11792 +5.91317e+06ns,,0
9.12624,8196,8231,9.12624 +5.92403e+06ns,,0
9.13456,8231,8265,9.13456 +5.93352e+06ns,,0
9.14288,8265,8299,9.14288 +5.94183e+06ns,,0
9.1512,8299,8333,9.1512 +5.9491e+06ns,,0
9.15952,8333,8367,9.15952 +5.95546e+06ns,,0
9.16784,8367,8401,9.16784 +5.96103e+06ns,,0
9.17616,8401,8435,9.17616 +5.9659e+06ns,,0
9.18448,8435,8469,9.18448 +5.97016e+06ns,,0
9.1928,8469,8502,9.1928 +5.97389e+06ns,,0
9.20112,8502,8535,9.20112 +5.97716e+06ns,,0
9.20944,8535,8568,9.20944 +5.98001e+06ns,,0
9.21776,8568,8601,9.21776 +5.98251e+06ns,,0
9.22608,8601,8634,9.22608 +5.9847e+06ns,,0
9.2344,8634,8667,9.2344 +5.98661e+06ns,,0
9.24272,8667,8700,9.24272 +5.98828e+06ns,,0
9.25104,8700,8733,9.25104 +5.98975e+06ns,,0
9.25936,8733,8765,9.25936 +5.99103e+06ns,,0
9.26768,8765,8797,9.26768 +5.99215e+06ns,,0
9.276,8797,8829,9.276 +5.99313e+06ns,,0
9.28432,8829,8861,9.28432 +5.99399e+06ns,,0
9.29264,8861,8893,9.29264 +5.99474e+06ns,,0
9.30096,8893,8925,9.30096 +5.8704e+06ns,,0
9.30928,8925,8957,9.30928 +5.8866e+06ns,,0
9.3176,8957,8989,9.3176 +5.90077e+06ns,,0
